{"cameraMode":{"drawMode":0,"name":"Shaded","section":"Shading Mode"},"sceneLighting":true,"audioPlay":false,"sceneViewState":{"m_AlwaysRefresh":false,"showFog":true,"showSkybox":true,"showFlares":true,"showImageEffects":true,"showParticleSystems":true,"showVisualEffectGraphs":true,"m_FxEnabled":false},"in2DMode":false,"pivot":{"x":65.84040069580078,"y":-112.61679077148438,"z":197.69163513183595},"rotation":{"x":-0.3214966058731079,"y":0.0005653258413076401,"z":-0.00019184613483957946,"w":-0.9469099044799805},"size":129.48960876464845,"orthographic":false}