{"cameraMode":{"drawMode":0,"name":"Shaded","section":"Shading Mode"},"sceneLighting":false,"audioPlay":false,"sceneViewState":{"m_AlwaysRefresh":false,"showFog":true,"showSkybox":false,"showFlares":true,"showImageEffects":true,"showParticleSystems":true,"showVisualEffectGraphs":true,"m_FxEnabled":false},"in2DMode":false,"pivot":{"x":0.003159046173095703,"y":-0.061299800872802737,"z":-0.03824901580810547},"rotation":{"x":-0.21587444841861726,"y":0.3433142900466919,"z":-0.0814029648900032,"w":-0.9104434251785278},"size":7.071067810058594,"orthographic":false}